{"price_bids":[-0.09921574299999945,-0.10921574299999946,-0.12021574299999947,-0.1323157429999995,-0.14562574299999953,-0.16026674299999952,-0.17637184299999956,-0.19408745299999958,-0.21357462399999963,-0.23501051209999965,-0.2585899890099997,-0.2845274136109997,-0.31305858067209974,-0.3444428644393098,-0.37896557658324087,-0.41694055994156504,-0.45871304163572163,-0.504662771499294,-0.5552074743492235,-0.6108066474841459,-0.6719657379325605,-0.7392407374258168,-0.8132432368683986,-0.8946459862552385,-0.9841890105807625,-1.0826863373388387,-1.191033396772723,-1.3102151621499953,-1.4413151040649952,-1.5855250401714946,-1.7441559698886444,-1.9186499925775091,-2.1105934175352603,-2.3217311849887863,-2.5539827291876653,-2.809459427806432,-3.0904837962870757,-3.3996106016157834,-3.7396500874773624,-4.113693521925099,-4.5251412998176095,-4.977733855499371,-5.475585666749308,-6.02322265912424,-6.625623350736665,-7.2882641115103315,-8.017168948361364,-8.818964268897503,-9.700939121487252],"size_bids":[0.00004801920768307323,0.0001440576230492197,0.0002881152460984394,0.0004801920768307323,0.0007202881152460984,0.0010084033613445378,0.0013445378151260505,0.0017286914765906362,0.0021608643457382954,0.0026410564225690276,0.003169267707082833,0.003745498199279712,0.004369747899159664,0.005042016806722689,0.005762304921968787,0.006530612244897959,0.007346938775510204,0.008211284513805522,0.009123649459783913,0.010084033613445379,0.011092436974789916,0.012148859543817527,0.013253301320528212,0.014405762304921969,0.015606242496998799,0.016854741896758705,0.01815126050420168,0.019495798319327733,0.020888355342136854,0.02232893157262905,0.02381752701080432,0.025354141656662665,0.026938775510204082,0.02857142857142857,0.030252100840336135,0.03198079231692677,0.03375750300120048,0.03558223289315726,0.03745498199279712,0.03937575030012005,0.04134453781512605,0.04336134453781513,0.045426170468187275,0.0475390156062425,0.049699879951980795,0.05190876350540216,0.0541656662665066,0.05647058823529412,0.058823529411764705],"price_asks":[0.10078425700000056,0.11078425700000057,0.12178425700000058,0.1338842570000006,0.1471942570000006,0.1618352570000006,0.17794035700000063,0.19565596700000065,0.2151431380000007,0.23657902610000073,0.2601585030100008,0.28609592761100083,0.31462709467210087,0.34601137843931096,0.380534090583242,0.41850907394156617,0.46028155563572276,0.506231285499295,0.5567759883492245,0.612375161484147,0.6735342519325616,0.7408092514258178,0.8148117508683996,0.8962145002552395,0.9857575245807635,1.0842548513388397,1.192601910772724,1.3117836761499964,1.4428836180649962,1.5870935541714957,1.7457244838886454,1.9202185065775101,2.1121619315352618,2.3232996989887877,2.555551243187667,2.8110279418064335,3.092052310287077,3.401179115615785,3.741218601477364,4.1152620359251,4.52670981381761,4.979302369499371,5.4771541807493085,6.024791173124241,6.627191864736665,7.289832625510332,8.018737462361367,8.820532782897505,9.702507635487255],"size_asks":[0.00004801920768307323,0.0001440576230492197,0.0002881152460984394,0.0004801920768307323,0.0007202881152460984,0.0010084033613445378,0.0013445378151260505,0.0017286914765906362,0.0021608643457382954,0.0026410564225690276,0.003169267707082833,0.003745498199279712,0.004369747899159664,0.005042016806722689,0.005762304921968787,0.006530612244897959,0.007346938775510204,0.008211284513805522,0.009123649459783913,0.010084033613445379,0.011092436974789916,0.012148859543817527,0.013253301320528212,0.014405762304921969,0.015606242496998799,0.016854741896758705,0.01815126050420168,0.019495798319327733,0.020888355342136854,0.02232893157262905,0.02381752701080432,0.025354141656662665,0.026938775510204082,0.02857142857142857,0.030252100840336135,0.03198079231692677,0.03375750300120048,0.03558223289315726,0.03745498199279712,0.03937575030012005,0.04134453781512605,0.04336134453781513,0.045426170468187275,0.0475390156062425,0.049699879951980795,0.05190876350540216,0.0541656662665066,0.05647058823529412,0.058823529411764705],"price":0.0007842570000005456}