{"price_bids":[-0.09919526499999946,-0.10919526499999947,-0.12019526499999948,-0.13229526499999952,-0.14560526499999954,-0.16024626499999953,-0.17635136499999957,-0.1940669749999996,-0.21355414599999964,-0.23499003409999966,-0.2585695110099997,-0.2845069356109997,-0.31303810267209975,-0.34442238643930984,-0.3789450985832409,-0.41692008194156505,-0.45869256363572164,-0.5046422934992939,-0.5551869963492234,-0.6107861694841459,-0.6719452599325605,-0.7392202594258167,-0.8132227588683986,-0.8946255082552385,-0.9841685325807624,-1.0826658593388387,-1.191012918772723,-1.3101946841499954,-1.4412946260649953,-1.5855045621714947,-1.7441354918886445,-1.9186295145775092,-2.1105729395352606,-2.3217107069887866,-2.5539622511876656,-2.8094389498064323,-3.090463318287076,-3.3995901236157837,-3.7396296094773627,-4.113673043925099,-4.525120821817609,-4.97771337749937,-5.475565188749307,-6.0232021811242396,-6.625602872736664,-7.288243633510331,-8.017148470361365,-8.818943790897503,-9.700918643487253],"size_bids":[0.00004801920768307323,0.0001440576230492197,0.0002881152460984394,0.0004801920768307323,0.0007202881152460984,0.0010084033613445378,0.0013445378151260505,0.0017286914765906362,0.0021608643457382954,0.0026410564225690276,0.003169267707082833,0.003745498199279712,0.004369747899159664,0.005042016806722689,0.005762304921968787,0.006530612244897959,0.007346938775510204,0.008211284513805522,0.009123649459783913,0.010084033613445379,0.011092436974789916,0.012148859543817527,0.013253301320528212,0.014405762304921969,0.015606242496998799,0.016854741896758705,0.01815126050420168,0.019495798319327733,0.020888355342136854,0.02232893157262905,0.02381752701080432,0.025354141656662665,0.026938775510204082,0.02857142857142857,0.030252100840336135,0.03198079231692677,0.03375750300120048,0.03558223289315726,0.03745498199279712,0.03937575030012005,0.04134453781512605,0.04336134453781513,0.045426170468187275,0.0475390156062425,0.049699879951980795,0.05190876350540216,0.0541656662665066,0.05647058823529412,0.058823529411764705],"price_asks":[0.10080473500000055,0.11080473500000056,0.12180473500000057,0.13390473500000058,0.1472147350000006,0.16185573500000058,0.17796083500000062,0.19567644500000064,0.2151636160000007,0.23659950410000072,0.2601789810100008,0.2861164056110008,0.31464757267210086,0.34603185643931095,0.380554568583242,0.41852955194156616,0.46030203363572275,0.506251763499295,0.5567964663492245,0.612395639484147,0.6735547299325616,0.7408297294258178,0.8148322288683997,0.8962349782552396,0.9857780025807635,1.0842753293388396,1.1926223887727239,1.3118041541499963,1.4429040960649961,1.5871140321714956,1.7457449618886454,1.92023898457751,2.1121824095352615,2.3233201769887875,2.5555717211876665,2.811048419806433,3.092072788287077,3.4011995936157846,3.7412390794773636,4.1152825139251,4.526730291817611,4.979322847499372,5.477174658749309,6.024811651124241,6.627212342736666,7.289853103510333,8.018757940361366,8.820553260897505,9.702528113487254],"size_asks":[0.00004801920768307323,0.0001440576230492197,0.0002881152460984394,0.0004801920768307323,0.0007202881152460984,0.0010084033613445378,0.0013445378151260505,0.0017286914765906362,0.0021608643457382954,0.0026410564225690276,0.003169267707082833,0.003745498199279712,0.004369747899159664,0.005042016806722689,0.005762304921968787,0.006530612244897959,0.007346938775510204,0.008211284513805522,0.009123649459783913,0.010084033613445379,0.011092436974789916,0.012148859543817527,0.013253301320528212,0.014405762304921969,0.015606242496998799,0.016854741896758705,0.01815126050420168,0.019495798319327733,0.020888355342136854,0.02232893157262905,0.02381752701080432,0.025354141656662665,0.026938775510204082,0.02857142857142857,0.030252100840336135,0.03198079231692677,0.03375750300120048,0.03558223289315726,0.03745498199279712,0.03937575030012005,0.04134453781512605,0.04336134453781513,0.045426170468187275,0.0475390156062425,0.049699879951980795,0.05190876350540216,0.0541656662665066,0.05647058823529412,0.058823529411764705],"price":0.0008047350000005368}