{"price_bids":[31.075009838,31.073009838,31.070809838,31.068389837999998,31.065727838,31.062799637999998,31.059578618,31.056035496,31.0521380618,31.04785088418,31.043134988798,31.0379475038778,31.03224127046558,31.02596441371214,31.01905987128335,31.011464874611686,31.003110378272854,30.99392043230014,30.983811491730155,30.97269165710317,30.960459839013488,30.947004839114836,30.93220433922632,30.915923789348952,30.898015184483846,30.87831571913223,30.856646307245455,30.83280995417,30.806589965787,30.7777479785657,30.74602179262227,30.711122988084497,30.67273430309295,30.63050674960224],"size_bids":[0.00572367675393857,0.005950357021421286,0.006290377422645359,0.00674373795761079,0.007310438626317579,0.007990479428765726,0.00878386036495523,0.009690581434886093,0.010710642638558313,0.011844043975971892,0.013090785447126827,0.014450867052023121,0.015924288790660775,0.017511050663039783,0.01921115266916015,0.021024594809021874,0.022951377082624957,0.0249914994899694,0.027144962031055198,0.029411764705882353,0.031791907514450865,0.03428539045676074,0.03689221353281197,0.03961237674260456,0.042445880086138504,0.045392723563413805,0.048452907174430467,0.05162643091918848,0.05491329479768786,0.058313498809928595,0.06182704295591069,0.06545392723563413,0.06919415164909895,0.07304771619630511],"price_asks":[31.115009838,31.117009837999998,31.119209838,31.121629838,31.124291837999998,31.127220038,31.130441058,31.13398418,31.137881614199998,31.142168791819998,31.146884687202,31.1520721721222,31.15777840553442,31.16405526228786,31.17095980471665,31.178554801388312,31.186909297727144,31.19609924369986,31.206208184269844,31.21732801889683,31.22955983698651,31.243014836885163,31.257815336773678,31.274095886651047,31.292004491516153,31.311703956867767,31.333373368754543,31.35720972183,31.383429710212997,31.4122716974343,31.44399788337773,31.4788966879155,31.51728537290705,31.55951292639776],"size_asks":[0.00572367675393857,0.005950357021421286,0.006290377422645359,0.00674373795761079,0.007310438626317579,0.007990479428765726,0.00878386036495523,0.009690581434886093,0.010710642638558313,0.011844043975971892,0.013090785447126827,0.014450867052023121,0.015924288790660775,0.017511050663039783,0.01921115266916015,0.021024594809021874,0.022951377082624957,0.0249914994899694,0.027144962031055198,0.029411764705882353,0.031791907514450865,0.03428539045676074,0.03689221353281197,0.03961237674260456,0.042445880086138504,0.045392723563413805,0.048452907174430467,0.05162643091918848,0.05491329479768786,0.058313498809928595,0.06182704295591069,0.06545392723563413,0.06919415164909895,0.07304771619630511],"price":31.095009838}